timestamp,CuStepNo ValueY,dataset_size,y_true,y_pred,score
2018-10-16 12:05:22,1,1000,False,False,1.1718229e-09
2018-10-16 14:06:50,1,1000,False,False,1.1367741e-08
2018-10-16 11:30:38,1,1000,False,False,0.0003778932
2018-10-16 07:41:35,1,1000,False,False,3.941691e-08
2018-10-16 10:18:42,1,1000,False,False,8.1934175e-08
2018-10-16 10:39:20,1,1000,False,False,2.3269586e-09
2018-10-16 14:08:41,1,1000,False,False,7.827802e-09
2018-10-16 13:34:03,1,1000,False,False,1.6755073e-05
2018-10-16 12:22:08,1,1000,False,False,1.47516985e-08
2018-10-16 15:00:07,1,1000,False,False,2.9114005e-09
2018-10-15 12:52:59,1,1000,False,False,1.5206311e-06
2018-10-22 14:36:20,1,1000,True,False,2.0598877e-06
2018-10-16 13:48:44,1,1000,False,False,1.4302372e-09
2018-10-16 14:05:27,1,1000,False,False,4.668474e-11
2018-10-16 07:56:43,1,1000,False,False,3.364006e-05
2018-10-16 10:21:04,1,1000,False,False,5.183322e-10
2018-10-16 08:50:07,1,1000,False,False,1.3943288e-09
2018-10-10 14:55:48,1,1000,False,False,4.6174986e-08
2018-10-16 08:15:09,1,1000,False,False,2.7815892e-08
2018-10-16 07:04:29,1,1000,False,True,12.355486
2018-10-15 12:53:38,1,1000,False,False,2.1908713e-09
2018-10-16 12:23:33,1,1000,False,False,1.1743422e-08
2018-10-31 10:11:32,1,1000,False,True,18.183496
2018-10-16 14:25:20,1,1000,False,False,1.1877079e-09
2018-10-16 09:26:53,1,1000,False,False,5.7275545e-10
2018-10-16 12:03:47,1,1000,False,False,1.1574327e-10
2018-10-10 14:56:24,1,1000,False,False,3.3667618e-08
2018-10-16 14:23:47,1,1000,False,False,5.3199836e-09
2018-10-16 08:49:04,1,1000,False,False,2.6470316e-06
2018-10-16 10:20:44,1,1000,False,False,3.6438557e-08
2018-10-15 12:52:51,1,1000,False,False,2.080082e-09
2018-10-16 09:46:36,1,1000,False,False,6.999964e-09
2018-10-16 08:34:41,1,1000,False,False,1.0055897e-08
2018-10-16 13:15:32,1,1000,False,False,6.399906e-10
2018-10-16 12:21:24,1,1000,False,False,2.906002e-07
2018-10-16 14:40:44,1,1000,False,False,1.1501438e-09
2018-10-16 08:14:06,1,1000,False,False,1.530199e-06
2018-10-16 11:48:42,1,1000,False,False,5.580101e-09
2018-10-10 14:56:38,1,1000,False,False,3.36721e-09
2018-10-25 12:04:43,1,1000,True,False,2.7765394e-05
2018-10-15 12:55:02,1,1000,False,False,1.8639485e-08
2018-10-24 12:00:29,1,1000,True,True,3.0000002e+29
2018-10-16 12:24:23,1,1000,False,False,2.1109962e-08
2018-10-16 09:45:59,1,1000,False,False,2.1513937e-09
2018-10-16 13:13:16,1,1000,False,False,8.721496e-09
2018-10-16 10:21:02,1,1000,False,False,1.183274e-08
2018-10-15 12:51:40,1,1000,False,False,4.6069673e-07
2018-10-16 08:15:16,1,1000,False,False,6.247401e-09
2018-10-16 12:57:58,1,1000,False,False,1.102624e-08
2018-10-16 07:25:13,1,1000,False,False,8.396543e-09
2018-10-16 07:05:21,1,1000,False,False,0.0013162636
2018-10-16 07:39:19,1,1000,False,False,9.942812e-07
2018-10-16 15:01:03,1,1000,False,False,0.00036186495
2018-10-16 09:43:15,1,1000,False,False,4.5739313e-08
2018-10-25 08:41:40,1,1000,True,False,8.4817375e-06
2018-10-22 12:06:49,1,1000,True,False,1.1945467e-09
2018-10-16 13:15:29,1,1000,False,False,3.801242e-10
2018-10-31 12:42:28,1,1000,True,True,0.59069216
2018-10-15 12:51:45,1,1000,False,False,9.4214855e-08
2018-10-31 10:13:15,1,1000,False,False,6.186293e-05
2018-10-16 10:54:13,1,1000,False,False,3.5641325e-08
2018-10-19 13:00:48,1,1000,True,False,3.8665494e-05
2018-10-16 07:05:13,1,1000,False,True,0.02853849
2018-10-15 14:23:17,1,1000,False,False,1.680703e-08
2018-10-16 08:31:30,1,1000,False,True,0.069098786
2018-10-16 10:21:52,1,1000,False,False,1.4175198e-08
2018-10-16 12:06:23,1,1000,False,False,6.7067845e-08
2018-10-16 10:35:57,1,1000,False,False,1.2819757e-08
2018-10-24 14:48:06,1,1000,True,False,1.6215811e-06
2018-10-16 13:30:15,1,1000,False,False,0.0037677442
2018-10-16 13:48:34,1,1000,False,False,7.9933844e-11
2018-10-16 13:33:01,1,1000,False,False,2.1776857e-07
2018-10-16 09:45:49,1,1000,False,False,3.1685635e-10
2018-10-12 08:39:18,1,1000,False,False,5.5512874e-09
2018-10-16 12:41:28,1,1000,False,False,0.0062500304
2018-10-15 14:21:27,1,1000,False,False,0.00037901822
2018-10-16 07:05:37,1,1000,False,True,0.06233903
2018-10-18 12:42:30,1,1000,True,False,3.466164e-05
2018-10-16 13:50:58,1,1000,False,False,8.599649e-10
2018-10-16 10:53:02,1,1000,False,False,2.6677271e-06
2018-10-16 10:20:53,1,1000,False,False,1.5509152e-10
2018-10-31 13:18:04,1,1000,True,True,0.50038445
2018-10-16 13:13:45,1,1000,False,False,4.090651e-10
2018-10-26 13:36:21,1,1000,True,False,0.0076942504
2018-10-15 12:52:27,1,1000,False,False,3.101355e-08
2018-10-11 11:10:44,1,1000,False,False,9.547138e-09
2018-10-16 10:21:05,1,1000,False,False,2.4026306e-10
2018-10-16 07:40:33,1,1000,False,False,4.6425527e-07
2018-10-16 13:48:16,1,1000,False,False,1.185677e-08
2018-10-16 14:05:47,1,1000,False,False,2.782199e-09
2018-10-10 14:53:27,1,1000,False,True,0.04246665
2018-10-16 13:33:19,1,1000,False,False,1.5429402e-08
2018-10-16 08:16:15,1,1000,False,False,4.354984e-09
2018-10-16 09:10:17,1,1000,False,False,1.2403464e-09
2018-10-10 14:54:24,1,1000,False,False,3.3567158e-09
2018-10-16 12:57:15,1,1000,False,False,7.799467e-08
2018-10-16 09:25:21,1,1000,False,True,203.38728
2018-10-29 12:01:27,1,1000,True,True,0.7753845
2018-10-29 11:23:22,1,1000,True,True,0.0774263
2018-10-16 07:39:22,1,1000,False,False,4.176136e-07
2018-10-15 12:52:00,1,1000,False,False,1.4959317e-08
2018-10-16 12:38:37,1,1000,False,False,5.117937e-09
2018-10-16 10:53:06,1,1000,False,False,2.3237694e-06
2018-10-15 12:18:57,1,1000,False,True,0.21502507
2018-10-10 14:56:56,1,1000,False,False,8.907499e-08
2018-10-16 12:37:44,1,1000,False,True,0.17293276
2018-10-16 09:43:40,1,1000,False,False,6.3465997e-09
2018-10-16 12:23:53,1,1000,False,False,4.67635e-09
2018-10-15 12:20:36,1,1000,False,True,86146.27
2018-10-16 12:58:13,1,1000,False,False,1.7053591e-09
2018-10-16 12:22:41,1,1000,False,False,6.040537e-08
2018-10-16 08:50:13,1,1000,False,False,2.7236993e-09
2018-10-16 07:24:18,1,1000,False,False,1.1165676e-08
2018-10-16 07:25:09,1,1000,False,False,7.5930735e-08
2018-10-31 12:57:28,1,1000,True,False,0.00076996244
2018-10-11 11:12:51,1,1000,False,False,1.9874904e-09
2018-10-16 08:17:43,1,1000,False,False,8.160416e-09
2018-10-16 10:36:19,1,1000,False,False,2.517592e-09
2018-10-16 09:28:53,1,1000,False,False,2.6084564e-07
2018-10-16 09:08:49,1,1000,False,False,5.854443e-09
2018-10-16 14:43:49,1,1000,False,False,3.244653e-08
2018-10-10 14:54:58,1,1000,False,False,2.834626e-10
2018-10-16 08:34:34,1,1000,False,False,1.2544426e-07
2018-10-16 13:15:30,1,1000,False,False,4.6997173e-10
2018-10-16 12:40:24,1,1000,False,False,0.0001310696
2018-10-16 09:44:53,1,1000,False,False,5.2374094e-08
2018-10-31 10:12:46,1,1000,False,False,1.1315383e-06
2018-10-16 13:33:59,1,1000,False,False,4.148943e-08
2018-10-10 14:55:31,1,1000,False,False,5.9913825e-09
2018-10-15 12:17:17,1,1000,False,True,373139.4
2018-10-16 11:10:53,1,1000,False,False,2.1714455e-10
2018-10-16 13:15:45,1,1000,False,False,1.8594779e-08
2018-10-16 10:04:08,1,1000,False,False,2.2329464e-08
2018-10-16 12:04:44,1,1000,False,False,7.6064455e-10
2018-10-16 14:05:29,1,1000,False,False,1.2342025e-11
2018-10-18 11:31:37,1,1000,True,False,1.1528339e-05
2018-10-16 08:00:07,1,1000,False,False,6.093636e-09
2018-10-16 13:30:35,1,1000,False,False,3.130261e-10
2018-10-26 12:58:12,1,1000,True,True,0.025775159
2018-10-22 11:40:54,1,1000,True,False,2.1967385e-07
2018-10-30 12:16:30,1,1000,True,False,0.00012871563
2018-10-16 12:23:49,1,1000,False,False,3.1574885e-07
2018-10-16 12:04:42,1,1000,False,False,4.214272e-09
2018-10-16 13:14:19,1,1000,False,False,2.7026922e-10
2018-10-10 14:55:56,1,1000,False,False,1.3783599e-09
2018-10-16 10:00:29,1,1000,False,False,3.848011e-06
2018-10-15 14:21:12,1,1000,False,False,1.0488632e-08
2018-10-16 13:30:24,1,1000,False,False,1.507849e-06
2018-10-16 10:01:21,1,1000,False,False,1.3380185e-09
2018-10-16 11:48:25,1,1000,False,False,9.662568e-06
2018-10-16 08:17:21,1,1000,False,False,5.7887646e-09
2018-10-16 08:16:31,1,1000,False,False,2.307186e-09
2018-10-16 10:53:27,1,1000,False,False,8.708846e-10
2018-10-16 12:05:13,1,1000,False,False,1.080786e-08
2018-10-16 15:01:05,1,1000,False,False,8.458541e-08
2018-10-16 07:04:18,1,1000,False,True,14875.906
2018-10-15 14:19:45,1,1000,False,True,0.3282916
2018-10-15 12:18:19,1,1000,False,False,0.005875247
2018-10-19 10:23:03,1,1000,True,False,0.00016350832
2018-10-16 11:45:51,1,1000,False,False,7.3105307e-06
2018-10-16 10:19:53,1,1000,False,False,3.447716e-10
2018-10-10 14:55:18,1,1000,False,False,4.0429624e-09
2018-10-16 10:02:20,1,1000,False,False,2.1284756e-10
2018-10-16 11:46:24,1,1000,False,False,7.1832433e-09
2018-10-10 14:56:16,1,1000,False,False,6.0693224e-09
2018-10-16 11:31:37,1,1000,False,False,3.6303056e-09
2018-10-16 12:22:32,1,1000,False,False,9.254325e-10
2018-10-16 10:36:39,1,1000,False,False,5.749792e-10
2018-10-16 07:57:38,1,1000,False,False,8.4441055e-08
2018-10-16 07:57:26,1,1000,False,False,3.4370757e-06
2018-10-10 14:53:38,1,1000,False,False,0.00019553059
2018-10-16 11:48:02,1,1000,False,False,2.4194327e-09
2018-10-16 10:53:17,1,1000,False,False,1.0409022e-10
2018-10-16 12:58:06,1,1000,False,False,1.2889588e-09
2018-10-16 08:52:25,1,1000,False,False,6.1034955e-09
2018-10-16 11:28:30,1,1000,False,False,9.9204364e-08
2018-10-16 11:46:27,1,1000,False,False,1.083729e-09
2018-10-16 07:24:13,1,1000,False,False,6.0918013e-09
2018-10-16 10:55:49,1,1000,False,False,2.2499846e-08
2018-10-16 12:38:10,1,1000,False,False,6.304773e-05
2018-10-16 12:56:09,1,1000,False,False,2.302094e-09
2018-10-16 08:14:45,1,1000,False,False,9.2921496e-08
2018-10-16 11:12:42,1,1000,False,False,4.3740406e-10
2018-10-16 10:20:29,1,1000,False,False,2.0179194e-09
2018-10-15 12:53:10,1,1000,False,False,1.5990663e-09
2018-10-15 12:52:10,1,1000,False,False,2.5775708e-09
2018-10-16 13:50:35,1,1000,False,False,2.8536473e-08
2018-10-31 10:11:43,1,1000,False,True,13.585568
2018-10-11 11:10:18,1,1000,False,False,7.0706807e-10
2018-10-16 12:56:57,1,1000,False,False,7.152125e-11
2018-10-16 09:08:37,1,1000,False,False,1.0448392e-09
2018-10-16 10:00:26,1,1000,False,False,3.3617667e-07
2018-10-16 08:16:03,1,1000,False,False,3.495265e-09
2018-10-16 09:42:55,1,1000,False,False,2.4496516e-05
2018-10-16 11:30:16,1,1000,False,False,2.3725736e-08
2018-10-16 11:28:54,1,1000,False,False,6.0588805e-09
2018-10-10 14:57:18,1,1000,False,False,6.0737115e-08
2018-10-16 13:32:56,1,1000,False,False,4.994807e-10
2018-10-16 14:42:44,1,1000,False,False,1.8549059e-06
2018-10-24 10:49:36,1,1000,True,False,8.58039e-06
2018-10-15 15:25:18,1,1000,True,False,0.0002440102
2018-10-31 10:09:38,1,1000,False,True,1423.6575
2018-10-16 08:34:51,1,1000,False,False,2.589511e-09
2018-10-16 12:39:12,1,1000,False,False,4.1254675e-10
2018-10-15 12:54:46,1,1000,False,False,4.627447e-09
2018-10-11 11:08:52,1,1000,False,False,0.005583668
2018-10-16 11:31:05,1,1000,False,False,1.6243857e-07
2018-10-16 14:23:19,1,1000,False,False,4.0528526e-08
2018-10-16 15:00:10,1,1000,False,False,1.6158356e-08
2018-10-12 08:36:40,1,1000,False,True,0.63463897
2018-10-19 10:22:53,1,1000,True,False,0.00017122769
2018-10-16 10:04:06,1,1000,False,False,1.275926e-09
2018-10-16 08:33:34,1,1000,False,False,7.991797e-10
2018-10-16 11:11:56,1,1000,False,False,4.0771328e-10
2018-10-16 08:14:36,1,1000,False,False,1.326722e-09
2018-10-10 14:57:24,1,1000,False,False,1.2201103e-08
2018-10-16 12:05:57,1,1000,False,False,2.8572642e-09
2018-10-31 10:13:13,1,1000,False,False,0.013637911
2018-10-16 14:25:37,1,1000,False,False,1.3281574e-09
2018-10-16 13:48:54,1,1000,False,False,7.143463e-10
2018-10-11 11:12:17,1,1000,False,False,2.4134912e-09
2018-10-16 09:25:18,1,1000,False,False,0.0112055335
2018-10-16 12:58:15,1,1000,False,False,4.861495e-09
2018-10-18 11:14:55,1,1000,True,False,8.106189e-05
2018-10-16 14:26:17,1,1000,False,False,6.630276e-06
2018-10-22 14:17:01,1,1000,True,False,0.0010062685
2018-10-15 12:52:44,1,1000,False,False,1.1921341e-08
2018-10-12 08:38:25,1,1000,False,False,1.8766397e-07
2018-10-16 10:38:54,1,1000,False,False,3.346627e-08
2018-10-16 07:23:28,1,1000,False,False,8.718947e-09
2018-10-10 14:57:12,1,1000,False,False,0.00063536654
2018-10-12 08:36:25,1,1000,False,True,853.02814
2018-10-16 10:04:13,1,1000,False,False,2.1555928e-09
2018-10-12 08:37:29,1,1000,False,False,0.0011835418
2018-10-11 13:59:18,1,1000,True,False,0.0038275323
2018-10-17 07:41:45,1,1000,True,False,8.874034e-07
2018-10-16 14:07:23,1,1000,False,False,3.5998735e-08
2018-10-16 10:03:46,1,1000,False,False,2.439138e-10
2018-10-16 14:22:34,1,1000,False,True,0.03549649
2018-10-16 11:13:18,1,1000,False,False,6.711617e-09
2018-10-19 09:02:13,1,1000,True,False,0.0006658648
2018-10-16 08:52:03,1,1000,False,False,4.4490064e-10
2018-10-16 10:56:04,1,1000,False,False,3.01657e-09
2018-10-11 11:12:36,1,1000,False,False,8.414678e-08
2018-10-15 14:20:03,1,1000,False,False,5.701698e-08
2018-10-16 15:00:01,1,1000,False,True,5e+29
2018-10-16 12:56:22,1,1000,False,False,1.919348e-07
2018-10-25 12:19:32,1,1000,True,False,3.647921e-06
2018-10-19 09:02:51,1,1000,True,False,1.2513735e-05
2018-10-16 14:41:57,1,1000,False,False,7.761303e-09
2018-10-17 11:33:03,1,1000,True,False,2.4166907e-06
2018-10-16 10:19:43,1,1000,False,False,5.1021973e-09
2018-10-16 08:16:42,1,1000,False,False,1.517495e-08
2018-10-16 07:04:40,1,1000,False,True,3.0218816
2018-10-16 13:50:16,1,1000,False,False,2.1900009e-08
2018-10-12 08:39:17,1,1000,False,False,2.1387836e-09
2018-10-15 14:22:13,1,1000,False,False,4.182966e-09
2018-10-16 08:32:26,1,1000,False,False,3.6510979e-09
2018-10-16 07:25:32,1,1000,False,False,4.1791774e-09
2018-10-18 07:44:18,1,1000,True,False,3.7496015e-05
2018-10-16 12:40:59,1,1000,False,False,1.0170345e-06
2018-10-16 14:59:10,1,1000,False,False,1.9864429e-07
2018-10-26 08:04:18,1,1000,True,True,0.06064129
2018-10-16 11:45:58,1,1000,False,False,6.108199e-10
2018-10-16 14:24:44,1,1000,False,False,3.3361711e-09
2018-10-16 14:24:41,1,1000,False,False,2.4782665e-08
2018-10-16 07:07:00,1,1000,False,True,2e+29
2018-10-16 08:51:23,1,1000,False,False,3.852303e-10
2018-10-16 11:13:45,1,1000,False,False,3.912013e-09
2018-10-16 12:37:52,1,1000,False,False,0.0002492635
2018-10-16 10:00:43,1,1000,False,False,1.621979e-08
2018-10-11 11:10:30,1,1000,False,False,9.520842e-10
2018-10-15 12:54:02,1,1000,False,False,4.234843e-10
2018-10-16 14:42:13,1,1000,False,False,1.2249863e-07
2018-10-16 10:20:41,1,1000,False,False,9.517113e-09
2018-10-18 12:07:34,1,1000,True,False,2.9581215e-06
2018-10-15 14:20:46,1,1000,False,False,5.431385e-09
2018-10-16 07:24:48,1,1000,False,False,2.9777518e-09
2018-10-29 09:47:58,1,1000,True,False,0.0027440276
2018-10-12 08:36:55,1,1000,False,True,6.7088804
2018-10-11 11:09:35,1,1000,False,False,5.8137246e-09
2018-10-16 11:12:09,1,1000,False,False,8.529186e-08
2018-10-16 07:56:56,1,1000,False,False,3.876677e-07
2018-10-16 07:22:36,1,1000,False,False,2.4038826e-07
2018-10-16 07:57:02,1,1000,False,False,6.6418226e-10
2018-10-16 08:33:25,1,1000,False,False,6.9510575e-10
2018-10-16 13:47:49,1,1000,False,False,5.2780717e-05
2018-10-16 12:04:58,1,1000,False,False,3.3075243e-09
2018-10-16 07:22:00,1,1000,False,False,1.0798027e-09
2018-10-15 12:19:10,1,1000,False,True,578.7023
2018-10-16 11:13:42,1,1000,False,False,2.4112476e-09
2018-10-16 07:23:43,1,1000,False,False,8.29994e-09
2018-10-16 10:39:11,1,1000,False,False,3.842884e-09
2018-10-16 12:24:08,1,1000,False,False,8.528361e-09
2018-10-16 12:38:21,1,1000,False,False,9.160738e-09
2018-10-16 08:14:34,1,1000,False,False,1.0666467e-09
2018-10-16 12:39:15,1,1000,False,False,6.044569e-11
2018-10-16 11:48:14,1,1000,False,False,2.6071603e-09
2018-10-18 13:34:12,1,1000,True,False,9.437357e-05
2018-10-16 07:06:49,1,1000,False,False,5.123641e-07
2018-10-16 14:42:19,1,1000,False,False,9.4267065e-09
2018-10-16 11:45:35,1,1000,False,False,1.4667984e-08
2018-10-16 10:21:08,1,1000,False,False,1.8276122e-09
2018-10-15 12:53:50,1,1000,False,False,4.880788e-10
2018-10-15 12:51:37,1,1000,False,False,6.740351e-05
2018-10-16 12:06:13,1,1000,False,False,1.15425065e-08
2018-10-16 13:33:08,1,1000,False,False,2.0856882e-07
2018-10-16 09:45:48,1,1000,False,False,1.1748654e-09
2018-10-15 12:17:45,1,1000,False,True,31.959827
2018-10-16 10:03:35,1,1000,False,False,1.9846107e-09
2018-10-16 11:30:07,1,1000,False,False,6.634121e-08
2018-10-16 10:18:12,1,1000,False,False,1.9961437e-10
2018-10-16 12:56:49,1,1000,False,False,1.5943551e-09
2018-10-11 11:10:33,1,1000,False,False,5.2675553e-10
2018-10-16 10:21:23,1,1000,False,False,5.330712e-09
2018-10-16 10:01:19,1,1000,False,False,4.0235304e-09
2018-10-10 14:53:36,1,1000,False,False,0.0003589183
2018-10-16 14:41:39,1,1000,False,False,3.5099603e-08
2018-10-16 11:47:25,1,1000,False,False,1.3056286e-09
2018-10-16 08:33:36,1,1000,False,False,2.5455413e-09
2018-10-11 12:12:29,1,1000,True,False,0.0007970541
2018-10-16 11:12:47,1,1000,False,False,2.6997555e-09
2018-10-10 14:57:00,1,1000,False,False,9.370315e-09
2018-10-16 12:55:42,1,1000,False,False,1.8482946e-09
2018-10-15 14:23:08,1,1000,False,False,2.5422306e-09
2018-10-16 10:55:29,1,1000,False,False,1.0179715e-09
2018-10-16 10:39:23,1,1000,False,False,1.8110515e-09
2018-10-16 11:29:18,1,1000,False,False,3.4109995e-08
2018-10-16 09:25:53,1,1000,False,False,4.0500783e-08
2018-10-15 14:23:05,1,1000,False,False,2.17055e-09
2018-10-10 14:56:19,1,1000,False,False,9.295074e-09
2018-10-16 09:45:20,1,1000,False,False,2.4516955e-10
2018-10-15 12:54:05,1,1000,False,True,1e+29
2018-10-16 14:08:14,1,1000,False,False,2.8167437e-07
2018-10-18 08:54:23,1,1000,True,False,9.492311e-06
2018-10-16 10:20:05,1,1000,False,False,9.57462e-10
2018-10-16 11:14:15,1,1000,False,False,1.4962888e-08
2018-10-16 09:43:28,1,1000,False,False,1.09449715e-07
2018-10-31 10:12:52,1,1000,False,False,1.7512278e-06
2018-10-16 11:12:17,1,1000,False,False,6.125491e-09
2018-10-16 14:43:19,1,1000,False,False,4.910073e-08
2018-10-15 12:53:46,1,1000,False,False,7.625366e-10
2018-10-16 10:37:03,1,1000,False,False,7.9935134e-08
2018-10-16 08:35:06,1,1000,False,False,7.283565e-08
2018-10-11 11:12:25,1,1000,False,False,3.1406955e-09
2018-10-16 11:45:45,1,1000,False,False,2.9493526e-08
2018-10-16 12:40:53,1,1000,False,False,5.048396e-07
2018-10-12 08:39:54,1,1000,False,False,1.4512919e-08
2018-10-17 12:44:46,1,1000,True,False,3.1585552e-07
2018-10-16 14:41:09,1,1000,False,False,3.1322806e-08
2018-10-16 07:25:19,1,1000,False,False,2.9105653e-09
2018-10-16 09:06:22,1,1000,False,False,0.0022430592
2018-10-15 14:22:44,1,1000,False,False,4.139404e-06
2018-10-25 12:19:50,1,1000,True,False,1.1058627e-06
2018-10-10 14:57:01,1,1000,False,False,1.4630332e-07
2018-10-16 14:05:43,1,1000,False,False,2.8049103e-09
2018-10-11 11:10:37,1,1000,False,False,0.0001786543
2018-10-16 10:03:32,1,1000,False,False,2.3437136e-10
2018-10-12 08:39:52,1,1000,False,False,7.0066597e-09
2018-10-31 10:11:55,1,1000,False,True,0.2623611
2018-10-16 10:56:13,1,1000,False,False,1.3493066e-09
2018-10-16 08:50:03,1,1000,False,False,9.852048e-08
2018-10-16 12:57:51,1,1000,False,False,1.4742123e-09
2018-10-16 10:38:20,1,1000,False,False,3.72267e-10
2018-10-16 07:06:35,1,1000,False,False,1.6262776e-07
2018-10-24 12:19:16,1,1000,True,False,2.33509e-06
2018-10-16 08:16:35,1,1000,False,False,1.3693999e-09
2018-10-16 07:07:01,1,1000,False,False,5.4841535e-06
2018-10-16 09:46:04,1,1000,False,False,1.08542295e-07
2018-10-15 12:18:02,1,1000,False,True,62579.145
2018-10-16 10:38:17,1,1000,False,False,3.0277697e-10
2018-10-16 09:46:14,1,1000,False,False,2.6064296e-08
2018-10-16 10:01:12,1,1000,False,False,4.101267e-08
2018-10-15 12:17:09,1,1000,False,True,11775.456
2018-10-25 11:31:26,1,1000,True,False,2.8526483e-05
2018-10-16 12:39:22,1,1000,False,False,9.779548e-10
2018-10-16 10:39:05,1,1000,False,False,3.6712457e-08
2018-10-18 12:07:28,1,1000,True,False,5.737364e-05
2018-10-16 09:09:07,1,1000,False,False,3.5490466e-09
2018-10-16 08:51:28,1,1000,False,False,9.393207e-10
2018-10-31 10:11:29,1,1000,False,True,135.85986
2018-10-16 08:34:17,1,1000,False,False,2.216983e-08
2018-10-16 10:54:08,1,1000,False,False,1.0352084e-08
2018-10-15 12:55:13,1,1000,False,False,5.2477853e-09
2018-10-16 13:51:15,1,1000,False,False,3.8347707e-09
2018-10-16 13:32:26,1,1000,False,False,7.5274265e-10
2018-10-16 08:33:12,1,1000,False,False,7.731622e-08
2018-10-16 11:12:41,1,1000,False,False,5.643276e-10
2018-10-16 07:41:00,1,1000,False,False,1.3981099e-09
2018-10-16 13:31:20,1,1000,False,False,8.642893e-09
2018-10-16 12:57:08,1,1000,False,False,1.2211684e-09
2018-10-22 08:21:40,1,1000,True,False,7.094747e-07
2018-10-15 12:19:52,1,1000,False,True,8.895193e+11
2018-10-16 13:13:12,1,1000,False,False,1.2562903e-10
2018-10-16 09:27:37,1,1000,False,False,0.00010534517
2018-10-29 09:24:44,1,1000,True,True,20.417665
2018-10-16 12:23:38,1,1000,False,False,3.6594077e-09
2018-10-16 13:13:46,1,1000,False,False,3.124993e-10
2018-10-15 14:21:48,1,1000,False,False,3.727679e-08
2018-10-11 11:10:05,1,1000,False,False,1.8213345e-08
2018-10-22 07:03:56,1,1000,True,True,39.296955
2018-10-16 09:27:44,1,1000,False,False,4.0190344e-11
2018-10-16 09:46:41,1,1000,False,False,1.00733324e-07
2018-10-16 12:56:41,1,1000,False,False,6.641683e-09
2018-10-16 07:04:08,1,1000,False,True,1195.1062
2018-10-16 11:29:33,1,1000,False,False,2.531794e-10
2018-10-16 10:55:38,1,1000,False,False,1.2860398e-09
2018-10-15 12:52:05,1,1000,False,False,1.4832696e-07
2018-10-25 12:37:15,1,1000,True,False,2.0241343e-05
2018-10-16 12:03:38,1,1000,False,False,1.6149271e-09
2018-10-16 12:56:47,1,1000,False,False,1.0478675e-07
2018-10-31 10:10:29,1,1000,False,True,0.08991225
2018-10-16 11:47:31,1,1000,False,False,6.8773554e-10
2018-10-16 09:26:48,1,1000,False,False,1.765501e-09
2018-10-16 12:39:42,1,1000,False,False,0.0057641356
2018-10-16 13:50:22,1,1000,False,False,2.8599043e-08
2018-10-16 09:09:13,1,1000,False,True,4e+29
2018-10-16 14:40:26,1,1000,False,False,1.6015219e-11
2018-10-16 11:46:05,1,1000,False,False,1.6399296e-09
2018-10-16 08:49:16,1,1000,False,False,3.1740324e-09
2018-10-29 09:10:03,1,1000,True,False,0.016451504
2018-10-16 14:05:41,1,1000,False,False,1.6707418e-09
2018-10-16 11:47:01,1,1000,False,False,8.520198e-10
2018-10-16 09:07:19,1,1000,False,False,2.6293495e-10
2018-10-16 14:08:24,1,1000,False,False,4.5202766e-09
2018-10-15 12:17:14,1,1000,False,True,2104.9934
2018-10-30 14:35:53,1,1000,True,False,1.0938111e-05
2018-10-29 12:53:15,1,1000,True,True,16.203468
2018-10-16 09:06:49,1,1000,False,False,8.224068e-07
2018-10-16 10:19:50,1,1000,False,False,3.8516085e-10
2018-10-16 14:23:09,1,1000,False,False,5.667686e-10
2018-10-16 10:35:59,1,1000,False,False,5.5094866e-08
2018-10-16 11:46:00,1,1000,False,False,1.0569793e-08
2018-10-15 12:53:26,1,1000,False,False,1.4060696e-09
2018-10-16 14:22:54,1,1000,False,False,1.2606857e-08
2018-10-30 14:34:46,1,1000,True,False,9.613247e-06
2018-10-16 07:22:54,1,1000,False,False,8.169009e-10
2018-10-16 08:52:08,1,1000,False,False,7.1796578e-09
2018-10-15 12:53:13,1,1000,False,False,2.1125384e-08
2018-10-16 11:13:43,1,1000,False,False,6.570897e-10
2018-10-16 11:10:55,1,1000,False,False,3.459255e-07
2018-10-16 13:14:25,1,1000,False,False,5.2816745e-08
2018-10-16 10:36:11,1,1000,False,False,4.910062e-09
2018-10-16 08:49:13,1,1000,False,False,4.1040632e-08
2018-10-16 09:29:05,1,1000,False,False,2.1933272e-07
2018-10-16 10:02:23,1,1000,False,False,3.434257e-10
2018-10-16 14:07:27,1,1000,False,False,1.1579621e-08
2018-10-16 09:44:21,1,1000,False,False,1.7019627e-07
2018-10-16 12:58:21,1,1000,False,False,1.3015638e-08
2018-10-16 11:12:22,1,1000,False,False,6.055366e-09
2018-10-16 12:40:30,1,1000,False,False,7.781141e-07
2018-10-16 07:25:25,1,1000,False,False,9.0516865e-09
2018-10-16 07:05:47,1,1000,False,True,0.32633415
2018-10-16 07:06:34,1,1000,False,False,1.8905813e-07
2018-10-16 12:40:21,1,1000,False,False,6.2478603e-06
2018-10-16 14:05:40,1,1000,False,False,3.4183215e-10
2018-10-16 10:53:36,1,1000,False,False,1.4450482e-09
2018-10-16 10:36:56,1,1000,False,False,2.1347017e-08
2018-10-10 14:56:08,1,1000,False,False,1.9784936e-09
2018-10-16 12:39:10,1,1000,False,False,4.6526143e-09
2018-10-25 13:25:21,1,1000,True,False,2.7292084e-05
2018-10-16 12:03:00,1,1000,False,False,4.1875e-07
2018-10-16 12:56:20,1,1000,False,False,5.638985e-09
2018-10-16 11:46:46,1,1000,False,False,8.197545e-09
2018-10-16 08:49:00,1,1000,False,False,0.00012633235
2018-10-16 10:02:10,1,1000,False,False,7.037703e-09
2018-10-16 08:34:00,1,1000,False,False,1.3188665e-09
2018-10-12 08:37:02,1,1000,False,True,1.3888198
2018-10-16 11:10:34,1,1000,False,False,2.7249503e-06
2018-10-16 07:06:13,1,1000,False,False,1.5321455e-05
2018-10-16 08:52:01,1,1000,False,False,2.0730495e-10
2018-10-25 14:18:10,1,1000,True,False,1.78636e-05
2018-10-16 10:55:02,1,1000,False,False,1.5578369e-08
2018-10-26 08:39:16,1,1000,True,False,0.0023034303
2018-10-16 08:49:57,1,1000,False,False,3.0197832e-08
2018-10-16 12:20:56,1,1000,False,False,2.779707e-10
2018-10-10 14:54:54,1,1000,False,False,8.4095106e-11
2018-10-16 11:30:31,1,1000,False,False,0.0001651639
2018-10-16 14:41:22,1,1000,False,False,2.232487e-07
2018-10-16 14:25:28,1,1000,False,False,1.7612283e-08
2018-10-11 11:10:03,1,1000,False,False,8.7499906e-08
2018-10-19 10:37:49,1,1000,True,False,7.231559e-05
2018-10-24 12:01:29,1,1000,True,False,5.1664176e-07
2018-10-15 14:23:09,1,1000,False,False,7.240421e-09
2018-10-16 07:21:59,1,1000,False,False,2.0926597e-08
2018-10-17 11:14:59,1,1000,True,False,0.0007444866
2018-10-22 14:35:44,1,1000,True,False,6.5755955e-07
2018-10-15 14:22:22,1,1000,False,False,1.31553675e-08
2018-10-15 14:20:22,1,1000,False,False,5.2591513e-05
2018-10-16 12:57:42,1,1000,False,False,4.9543813e-10
2018-10-16 08:52:58,1,1000,False,False,0.005735878
2018-10-16 09:26:11,1,1000,False,False,1.318069e-07
2018-10-16 09:43:49,1,1000,False,False,1.7293167e-10
2018-10-12 08:37:00,1,1000,False,True,0.32349464
2018-10-12 08:36:31,1,1000,False,True,6848.798
2018-10-16 10:55:14,1,1000,False,False,6.5579875e-10
2018-10-16 07:21:32,1,1000,False,True,0.036896225
2018-10-16 13:13:43,1,1000,False,False,1.8862814e-10
2018-10-16 09:43:41,1,1000,False,False,3.2001545e-08
2018-10-16 10:38:26,1,1000,False,False,1.538262e-08
2018-10-16 10:53:15,1,1000,False,False,1.676032e-09
2018-10-16 09:44:27,1,1000,False,False,1.8806322e-08
2018-10-16 07:58:59,1,1000,False,False,1.1529588e-08
2018-10-16 08:14:37,1,1000,False,False,3.1911493e-09
2018-10-16 09:27:38,1,1000,False,False,0.0034424018
2018-10-15 12:52:58,1,1000,False,True,3.0000002e+29
2018-10-16 11:13:12,1,1000,False,False,3.6944576e-09
2018-10-16 11:11:45,1,1000,False,False,9.648295e-08
2018-10-31 10:12:17,1,1000,False,True,0.050374962
2018-10-16 13:49:40,1,1000,False,False,4.621139e-07
2018-10-15 12:19:39,1,1000,False,True,5.2800045e+10
2018-10-15 12:16:59,1,1000,False,True,4.0397345e+09
2018-10-16 13:31:49,1,1000,False,False,7.1463516e-11
2018-10-25 08:26:07,1,1000,True,False,0.02478787
2018-10-16 07:58:19,1,1000,False,False,8.050662e-09
2018-10-16 13:32:01,1,1000,False,False,8.909036e-11
2018-10-16 14:06:46,1,1000,False,False,7.830748e-08
2018-10-16 08:14:18,1,1000,False,False,1.9560589e-10
2018-10-16 12:56:55,1,1000,False,False,2.4621866e-10
2018-10-30 08:56:52,1,1000,True,False,0.00021432755
2018-10-16 09:25:49,1,1000,False,False,0.0003360066
2018-10-16 09:09:30,1,1000,False,False,1.2164368e-09
2018-10-16 09:26:51,1,1000,False,False,8.312672e-09
2018-10-16 07:43:08,1,1000,False,False,2.9837786e-08
2018-10-16 11:11:57,1,1000,False,False,3.7603468e-10
2018-10-16 13:12:44,1,1000,False,False,0.005701852
2018-10-16 13:48:57,1,1000,False,False,6.25676e-10
2018-10-16 12:37:51,1,1000,False,False,0.00018954893
2018-10-16 12:02:47,1,1000,False,True,0.9416977
2018-10-31 13:17:27,1,1000,True,True,0.03409757
2018-10-16 11:28:40,1,1000,False,False,1.119156e-09
2018-10-11 10:46:37,1,1000,True,False,9.984838e-09
2018-10-16 11:46:19,1,1000,False,False,2.8976826e-06
2018-10-15 14:22:59,1,1000,False,False,1.0590993e-05
2018-10-16 12:39:11,1,1000,False,False,4.5074566e-09
2018-10-16 12:06:24,1,1000,False,False,1.1425692e-09
2018-10-16 10:18:39,1,1000,False,False,1.7363526e-08
2018-10-30 14:51:59,1,1000,True,False,9.134253e-06
2018-10-16 10:18:21,1,1000,False,False,6.290588e-11
2018-10-16 10:39:01,1,1000,False,False,1.0397581e-09
2018-10-16 08:50:19,1,1000,False,False,2.9510574e-09
2018-10-16 07:40:03,1,1000,False,False,1.438835e-07
2018-10-16 10:02:13,1,1000,False,False,2.0251263e-10
2018-10-16 08:14:29,1,1000,False,False,1.5390995e-09
2018-10-16 12:41:31,1,1000,False,False,0.0012858167
2018-10-16 11:13:13,1,1000,False,False,1.2729288e-09
2018-10-16 07:07:08,1,1000,False,False,1.0347945e-07
2018-10-31 10:12:06,1,1000,False,False,0.0008657708
2018-10-16 08:32:48,1,1000,False,False,1.853969e-10
2018-10-12 08:39:42,1,1000,False,False,8.386879e-09
2018-10-16 13:48:38,1,1000,False,False,7.0526796e-10
2018-10-16 08:33:44,1,1000,False,False,4.502498e-09
2018-10-16 07:39:52,1,1000,False,False,5.013885e-10
2018-10-29 08:12:10,1,1000,True,True,0.048127778
2018-10-15 12:52:36,1,1000,False,False,5.4924003e-06
2018-10-16 08:34:45,1,1000,False,False,4.5987947e-09
2018-10-16 10:01:11,1,1000,False,False,1.1987712e-09
2018-10-16 14:58:19,1,1000,False,False,1.2462204e-08
2018-10-18 06:49:44,1,1000,True,True,1695.6086
2018-10-16 12:24:06,1,1000,False,False,1.08367555e-08
2018-10-16 12:38:09,1,1000,False,False,6.6783426e-11
2018-10-16 08:50:23,1,1000,False,False,1.7067452e-10
2018-10-16 07:39:59,1,1000,False,False,5.5253413e-06
2018-10-16 09:07:35,1,1000,False,False,6.406593e-09
2018-10-16 07:42:50,1,1000,False,False,6.729594e-07
2018-10-16 09:26:25,1,1000,False,False,7.584101e-08
2018-10-15 12:20:11,1,1000,False,True,59.669167
2018-10-16 13:14:16,1,1000,False,False,3.7413668e-09
2018-10-16 12:37:47,1,1000,False,True,1.889391
2018-10-16 08:34:05,1,1000,False,False,1.9623585e-09
2018-10-16 11:30:36,1,1000,False,False,7.666766e-09
2018-10-11 11:10:02,1,1000,False,False,8.615957e-10
2018-10-16 08:13:54,1,1000,False,True,0.25032383
2018-10-31 14:14:38,1,1000,True,True,0.11094882
2018-10-16 13:32:05,1,1000,False,False,1.7486812e-07
2018-10-16 14:24:50,1,1000,False,False,2.94711e-09
2018-10-16 10:38:10,1,1000,False,False,1.3523014e-08
2018-10-16 08:15:42,1,1000,False,False,1.7626419e-06
2018-10-15 12:52:17,1,1000,False,False,1.3557776e-08
2018-10-16 14:40:34,1,1000,False,False,3.4971124e-09
2018-10-16 10:20:27,1,1000,False,False,9.952696e-10
2018-10-17 10:23:08,1,1000,True,False,2.2864067e-05
2018-10-16 09:45:42,1,1000,False,False,5.40413e-10
2018-10-11 11:10:38,1,1000,False,False,4.0349732e-08
2018-10-16 12:55:23,1,1000,False,False,2.7692324e-06
2018-10-15 14:22:41,1,1000,False,False,1.7904418e-07
2018-10-16 10:55:42,1,1000,False,False,3.506998e-08
2018-10-16 11:11:25,1,1000,False,False,1.5919911e-09
2018-10-17 08:16:42,1,1000,True,False,1.08594695e-05
2018-10-15 12:51:53,1,1000,False,False,9.456272e-06
2018-10-16 07:42:04,1,1000,False,False,6.322073e-09
2018-10-31 10:12:45,1,1000,False,False,1.5036848e-05
2018-10-10 14:55:00,1,1000,False,False,1.0006812e-10
2018-10-16 07:24:56,1,1000,False,False,2.1576185e-09
2018-10-16 07:22:01,1,1000,False,False,1.4940527e-09
2018-10-16 09:09:12,1,1000,False,False,2.3480258e-09
2018-10-16 11:46:21,1,1000,False,False,1.4160842e-07
2018-10-16 07:22:03,1,1000,False,False,1.1260746e-08
2018-10-16 07:06:16,1,1000,False,False,5.3747208e-05
2018-10-16 12:23:52,1,1000,False,False,1.348649e-08
2018-10-19 11:51:11,1,1000,True,False,5.1714527e-05
2018-10-15 14:20:41,1,1000,False,False,1.2714357e-08
2018-10-16 13:32:24,1,1000,False,False,1.0221997e-09
2018-10-16 14:41:45,1,1000,False,False,2.4075697e-09
2018-10-16 11:29:40,1,1000,False,False,4.248976e-09
2018-10-16 14:59:07,1,1000,False,False,3.6143366e-08
2018-10-16 12:39:51,1,1000,False,False,8.5382666e-08
2018-10-16 08:50:54,1,1000,False,False,8.074889e-10
2018-10-16 13:47:56,1,1000,False,False,1.1664135e-06
2018-10-16 10:55:18,1,1000,False,False,4.8272697e-10
2018-10-16 07:58:32,1,1000,False,False,3.962582e-09
2018-10-16 14:40:17,1,1000,False,False,5.5683984e-07
2018-10-16 07:40:26,1,1000,False,False,4.5385593e-09
2018-10-16 12:02:58,1,1000,False,False,1.8362108e-07
2018-10-16 11:30:02,1,1000,False,False,1.7966116e-08
2018-10-16 07:42:19,1,1000,False,False,1.9863797e-10
2018-10-15 14:21:38,1,1000,False,False,2.6575944e-09
2018-10-16 10:20:23,1,1000,False,False,3.6152537e-10
2018-10-16 12:39:41,1,1000,False,False,6.1949152e-09
2018-10-29 11:58:13,1,1000,True,True,0.23546128
2018-10-16 12:22:29,1,1000,False,False,1.5496159e-08
2018-10-16 10:53:39,1,1000,False,False,1.7405487e-10
2018-10-16 12:23:46,1,1000,False,False,2.7053145e-06
2018-10-10 14:53:52,1,1000,False,False,1.62781e-08
2018-10-24 14:11:41,1,1000,True,False,1.9691988e-05
2018-10-16 09:43:13,1,1000,False,False,2.722847e-07
2018-10-18 11:29:23,1,1000,True,False,0.0061310814
2018-10-12 08:37:12,1,1000,False,False,0.0004218642
2018-10-11 11:08:55,1,1000,False,False,0.007397393
2018-10-10 14:53:42,1,1000,False,False,7.2013965e-05
2018-10-16 09:44:19,1,1000,False,False,6.8766566e-09
2018-10-16 09:09:50,1,1000,False,False,1.864618e-08
2018-10-16 12:56:54,1,1000,False,False,2.837645e-10
2018-10-15 14:21:29,1,1000,False,False,1.1776755e-09
2018-10-16 14:23:31,1,1000,False,False,4.7122506e-09
2018-10-16 09:07:49,1,1000,False,False,5.3444547e-09
2018-10-17 07:40:10,1,1000,True,False,6.2083984e-07
2018-10-16 09:26:58,1,1000,False,False,2.730121e-07
2018-10-16 09:08:24,1,1000,False,False,4.629745e-10
2018-10-16 14:06:44,1,1000,False,False,4.0781669e-07
2018-10-31 10:12:00,1,1000,False,False,0.012451632
2018-10-16 10:19:21,1,1000,False,False,3.7799657e-09
2018-10-24 14:09:58,1,1000,True,False,5.040992e-06
2018-10-16 07:39:35,1,1000,False,False,4.2555945e-10
2018-10-16 10:18:52,1,1000,False,False,2.553941e-10
2018-10-16 12:06:04,1,1000,False,False,9.1415814e-07
2018-10-31 10:12:39,1,1000,False,False,4.303034e-05
2018-10-16 13:33:42,1,1000,False,False,1.6192505e-08
2018-10-16 09:07:20,1,1000,False,False,4.889079e-10
2018-10-16 13:51:13,1,1000,False,False,1.6849329e-08
2018-10-16 08:51:50,1,1000,False,False,2.0638293e-09
2018-10-31 10:09:40,1,1000,False,True,3860.5574
2018-10-16 14:23:41,1,1000,False,False,2.2594326e-09
2018-10-16 13:32:02,1,1000,False,False,7.8392315e-09
2018-10-16 09:45:13,1,1000,False,False,2.3057929e-10
2018-10-16 07:41:25,1,1000,False,False,4.7903633e-08
2018-10-16 07:07:46,1,1000,False,False,1.1380278e-07
2018-10-16 07:39:09,1,1000,False,True,8.594539
2018-10-16 10:53:22,1,1000,False,False,3.9834375e-10
2018-10-15 12:55:22,1,1000,False,False,1.1167192e-07
2018-10-16 14:22:53,1,1000,False,False,5.961097e-08
2018-10-16 13:12:56,1,1000,False,False,3.5464535e-07
2018-10-16 15:00:26,1,1000,False,False,4.0698097e-07
2018-10-16 08:31:26,1,1000,False,True,0.036401734
2018-10-16 07:42:15,1,1000,False,False,2.1700433e-09
2018-10-16 11:11:35,1,1000,False,False,2.9068337e-09
2018-10-16 12:03:35,1,1000,False,False,1.6981566e-09
2018-10-16 14:58:55,1,1000,False,False,1.4319573e-06
2018-10-16 07:59:44,1,1000,False,False,3.2773322e-09
2018-10-16 11:13:24,1,1000,False,False,4.100121e-09
2018-10-12 08:37:48,1,1000,False,False,4.5370098e-07
2018-10-16 10:53:20,1,1000,False,False,1.559028e-10
2018-10-16 08:17:17,1,1000,False,False,5.6037144e-09
2018-10-16 07:07:23,1,1000,False,False,4.7654276e-09
2018-10-16 09:45:34,1,1000,False,False,3.5239578e-10
2018-10-12 11:17:37,1,1000,True,False,2.261305e-08
2018-10-16 12:58:04,1,1000,False,False,1.0147451e-09
2018-10-12 08:36:33,1,1000,False,True,9740.269
2018-10-16 10:35:42,1,1000,False,False,2.1436997e-10
2018-10-16 10:53:44,1,1000,False,False,1.40070355e-08
2018-10-15 12:20:03,1,1000,False,True,4973.5547
2018-10-16 12:02:53,1,1000,False,False,9.012061e-06
2018-10-16 13:31:40,1,1000,False,False,3.9282115e-09
2018-10-25 11:13:43,1,1000,True,False,1.3721663e-05
2018-10-16 11:31:42,1,1000,False,False,2.2677406e-07
2018-10-19 08:30:08,1,1000,True,False,0.00034744033
2018-10-16 12:20:43,1,1000,False,False,6.360898e-11
2018-10-16 07:07:14,1,1000,False,False,1.4874622e-08
2018-10-12 08:39:06,1,1000,False,False,1.300892e-07
2018-10-16 09:42:47,1,1000,False,False,0.0041646035
2018-10-16 07:05:11,1,1000,False,True,0.16656019
2018-10-15 12:54:29,1,1000,False,False,6.315582e-10
2018-10-16 12:59:06,1,1000,False,False,3.1724113e-07
2018-10-16 08:14:17,1,1000,False,False,6.5812406e-10
2018-10-16 10:21:06,1,1000,False,False,6.709543e-10
2018-10-15 12:52:39,1,1000,False,False,2.563199e-10
2018-10-15 12:55:04,1,1000,False,False,4.655244e-06
2018-10-16 09:28:29,1,1000,False,False,9.757525e-05
2018-10-16 15:01:00,1,1000,False,False,5.222714e-07
2018-10-16 09:09:33,1,1000,False,False,1.441176e-09
2018-10-16 12:38:22,1,1000,False,False,4.487472e-10
2018-10-16 11:11:50,1,1000,False,False,3.9913837e-09
2018-10-11 11:11:32,1,1000,False,False,5.7088005e-07
2018-10-16 12:59:07,1,1000,False,False,6.635062e-08
2018-10-16 07:58:48,1,1000,False,False,8.748488e-08
2018-10-16 10:53:53,1,1000,False,False,1.9654815e-08
2018-10-15 12:18:47,1,1000,False,True,207.70195
2018-10-16 12:03:16,1,1000,False,False,4.7533033e-10
2018-10-16 14:42:15,1,1000,False,False,1.2600104e-08
2018-10-16 13:12:48,1,1000,False,False,0.000112928465
2018-10-16 07:42:01,1,1000,False,False,3.4236137e-08
2018-10-16 10:53:34,1,1000,False,False,5.1789844e-09
2018-10-16 08:14:52,1,1000,False,False,3.3202536e-09
2018-10-16 11:12:54,1,1000,False,False,7.318002e-07
2018-10-31 10:11:51,1,1000,False,True,1.4093277
2018-10-16 13:48:58,1,1000,False,False,4.3516116e-10
2018-10-16 08:17:42,1,1000,False,False,1.533132e-08
2018-10-16 07:25:06,1,1000,False,False,1.5548345e-09
2018-10-16 10:37:08,1,1000,False,False,6.333373e-09
2018-10-10 14:54:47,1,1000,False,False,7.8140056e-10
2018-10-16 14:22:43,1,1000,False,False,1.1938985e-05
2018-10-16 10:02:01,1,1000,False,False,7.211946e-09
2018-10-16 10:04:04,1,1000,False,False,6.338996e-09
2018-10-15 14:22:24,1,1000,False,False,1.5581219e-09
2018-10-11 11:12:21,1,1000,False,False,3.0016974e-08
2018-10-15 12:18:24,1,1000,False,True,391.3251
2018-10-16 07:23:55,1,1000,False,False,3.337688e-08
2018-10-16 12:05:21,1,1000,False,False,6.808085e-08
2018-10-16 07:57:50,1,1000,False,False,5.1904587e-09
2018-10-31 10:11:36,1,1000,False,True,941.2336
2018-10-16 08:34:20,1,1000,False,False,1.1905799e-09
2018-10-16 14:40:13,1,1000,False,False,1.0048109e-06
2018-10-16 14:06:02,1,1000,False,False,9.421624e-09
2018-10-31 10:12:08,1,1000,False,False,0.005271907
2018-10-10 14:53:56,1,1000,False,False,1.6468082e-06
2018-10-16 11:46:40,1,1000,False,False,1.8554325e-09
2018-10-15 12:52:29,1,1000,False,False,2.710912e-08
2018-10-16 10:54:26,1,1000,False,False,3.613604e-09
2018-10-16 08:17:00,1,1000,False,False,6.492067e-09
2018-10-16 12:39:18,1,1000,False,False,9.303542e-11
2018-10-16 14:40:33,1,1000,False,False,2.562784e-07
2018-10-16 10:20:33,1,1000,False,False,2.5795128e-09
2018-10-12 08:38:49,1,1000,False,False,4.052916e-07
2018-10-16 10:17:55,1,1000,False,False,4.936463e-06
2018-10-16 07:07:28,1,1000,False,False,9.855307e-08
2018-10-16 07:57:24,1,1000,False,False,6.8160816e-08
2018-10-16 10:18:59,1,1000,False,False,6.7882266e-10
2018-10-12 08:40:12,1,1000,False,False,7.2859025e-09
2018-10-16 10:54:01,1,1000,False,False,4.643847e-09
2018-10-16 09:46:25,1,1000,False,False,1.3367404e-09
2018-10-31 10:11:18,1,1000,False,True,78.45925
2018-10-16 12:56:32,1,1000,False,False,1.9177437e-08
2018-10-16 12:02:55,1,1000,False,False,3.4279335e-06
2018-10-16 10:02:34,1,1000,False,False,4.742908e-10
2018-10-10 14:54:39,1,1000,False,False,5.3044637e-08
2018-10-16 14:40:31,1,1000,False,False,5.2541294e-10
2018-10-16 09:28:30,1,1000,False,False,1.8556218e-08
2018-10-16 11:28:15,1,1000,False,False,2.8297796e-08
2018-10-16 13:31:36,1,1000,False,False,6.71838e-10
2018-10-16 12:56:53,1,1000,False,False,7.0470807e-10
2018-10-16 15:00:46,1,1000,False,False,2.2587888e-06
2018-10-16 12:21:33,1,1000,False,False,1.4831242e-08
2018-10-16 11:46:52,1,1000,False,False,2.6423433e-07
2018-10-15 12:55:00,1,1000,False,False,6.9047674e-09
2018-10-16 12:57:11,1,1000,False,False,1.8822572e-08
2018-10-16 08:51:36,1,1000,False,False,1.9311953e-08
2018-10-16 12:03:21,1,1000,False,False,4.54092e-09
2018-10-16 12:56:18,1,1000,False,False,6.0964105e-09
2018-10-16 07:39:11,1,1000,False,False,0.0026922699
2018-10-16 10:03:01,1,1000,False,False,5.8927546e-10
2018-10-16 09:45:23,1,1000,False,False,7.801889e-10
2018-10-16 14:24:28,1,1000,False,False,8.379012e-08
2018-10-16 13:16:13,1,1000,False,False,2.918284e-09
2018-10-16 11:48:30,1,1000,False,False,1.0885938e-09
2018-10-16 08:16:05,1,1000,False,False,7.1433504e-08
2018-10-16 14:25:56,1,1000,False,False,5.0591318e-08
2018-10-16 12:41:39,1,1000,False,False,4.2529763e-07
2018-10-16 14:24:14,1,1000,False,False,1.083489e-08
2018-10-16 14:08:23,1,1000,False,False,2.6656755e-08
2018-10-16 07:58:03,1,1000,False,False,1.1776473e-08
2018-10-16 11:48:03,1,1000,False,False,2.0299853e-09
2018-10-16 09:06:43,1,1000,False,False,1.5975061e-08
2018-10-31 10:11:47,1,1000,False,True,161.04189
2018-10-16 07:07:30,1,1000,False,False,8.96488e-08
2018-10-16 13:33:13,1,1000,False,False,1.0487964e-06
2018-10-16 08:48:57,1,1000,False,True,0.15691969
2018-10-16 10:20:59,1,1000,False,False,5.720053e-11
2018-10-16 07:25:17,1,1000,False,False,2.7107283e-10
2018-10-15 12:51:48,1,1000,False,False,3.844786e-09
2018-10-16 08:34:13,1,1000,False,False,8.815974e-09
2018-10-15 12:53:07,1,1000,False,False,1.2276593e-09
2018-10-16 10:36:48,1,1000,False,False,1.1026748e-10
2018-10-15 12:54:31,1,1000,False,False,5.5600646e-07
2018-10-15 12:51:25,1,1000,False,True,4.6040854
2018-10-16 14:40:32,1,1000,False,False,7.0166165e-11
2018-10-16 07:06:36,1,1000,False,False,1.7546384e-07
2018-10-31 10:13:22,1,1000,False,False,6.982566e-05
2018-10-16 11:10:39,1,1000,False,False,7.5200683e-06
2018-10-16 11:30:56,1,1000,False,False,3.4409269e-09
2018-10-16 07:05:22,1,1000,False,False,0.0020899882
2018-10-16 08:14:51,1,1000,False,False,2.65943e-09
2018-10-16 14:42:14,1,1000,False,False,1.2963904e-08
2018-10-16 08:35:27,1,1000,False,False,6.000722e-08
2018-10-16 14:23:38,1,1000,False,False,7.428638e-09
2018-10-29 14:11:08,1,1000,True,True,0.49356908
2018-10-16 15:00:56,1,1000,False,False,6.122128e-08
2018-10-16 14:40:12,1,1000,False,False,1.1612173e-05
2018-10-16 09:10:19,1,1000,False,False,5.1947113e-09
2018-10-15 12:18:59,1,1000,False,True,9.356306
2018-10-29 13:33:19,1,1000,True,True,0.9589065
2018-10-16 09:28:50,1,1000,False,False,2.0274312e-07
2018-10-31 10:11:00,1,1000,False,True,37.099545
2018-10-10 14:54:09,1,1000,False,False,0.003550529
2018-10-31 10:12:33,1,1000,False,False,0.0012489874
2018-10-16 11:49:06,1,1000,False,False,6.931634e-08
2018-10-16 11:31:49,1,1000,False,False,6.017089e-09
2018-10-16 07:25:07,1,1000,False,False,9.004338e-09
2018-10-12 08:40:15,1,1000,False,False,6.873384e-09
2018-10-26 10:40:56,1,1000,True,False,0.00081963453
2018-10-16 11:11:36,1,1000,False,False,1.4747525e-08
2018-10-12 08:39:24,1,1000,False,False,4.164002e-09
2018-10-16 11:47:55,1,1000,False,False,1.2767025e-09
2018-10-16 12:03:04,1,1000,False,False,2.7558267e-08
2018-10-16 07:42:21,1,1000,False,False,3.9407432e-08
2018-10-15 12:17:40,1,1000,False,True,19.467707
2018-10-31 10:12:51,1,1000,False,False,2.2443505e-06
2018-10-16 14:43:38,1,1000,False,False,2.1762363e-08
2018-10-16 08:16:36,1,1000,False,False,2.8054061e-09
2018-10-31 10:11:21,1,1000,False,True,223.09012
2018-10-16 11:47:19,1,1000,False,False,1.044193e-09
2018-10-16 07:57:48,1,1000,False,False,3.6532256e-08
2018-10-16 10:54:35,1,1000,False,False,2.4930986e-09
2018-10-16 12:06:44,1,1000,False,False,1.0836291e-08
2018-10-16 07:23:14,1,1000,False,False,4.406201e-09
2018-10-17 11:52:56,1,1000,True,False,3.3173447e-07
2018-10-16 07:22:10,1,1000,False,False,3.6217322e-09
2018-10-16 08:15:14,1,1000,False,False,7.280783e-09
2018-10-16 07:07:20,1,1000,False,False,1.335337e-07
2018-10-16 07:57:58,1,1000,False,False,5.3186864e-07
2018-10-16 12:40:16,1,1000,False,False,0.00093656575
2018-10-16 11:47:58,1,1000,False,False,1.8334177e-10
2018-10-12 08:38:27,1,1000,False,False,7.971125e-08
2018-10-16 12:58:23,1,1000,False,False,4.4496698e-08
2018-10-18 08:55:47,1,1000,True,False,4.1883195e-06
2018-10-16 11:13:40,1,1000,False,False,5.6060554e-07
2018-10-16 14:40:05,1,1000,False,False,0.00065863575
2018-10-16 13:48:27,1,1000,False,False,4.7343542e-09
2018-10-16 10:01:28,1,1000,False,False,5.137508e-10
2018-10-16 07:21:30,1,1000,False,True,0.048379336
2018-10-17 14:09:58,1,1000,True,True,0.13193825
2018-10-24 08:51:14,1,1000,True,False,7.132107e-06
2018-10-16 11:12:40,1,1000,False,False,1.25735555e-08
2018-10-16 07:06:41,1,1000,False,False,1.1172817e-06
2018-10-16 08:32:06,1,1000,False,False,3.7901767e-08
2018-10-15 14:22:08,1,1000,False,False,1.2816076e-08
2018-10-19 11:13:34,1,1000,True,False,0.00016491511
2018-10-16 13:51:12,1,1000,False,False,1.3211893e-08
2018-10-16 10:36:50,1,1000,False,False,3.5490597e-09
2018-10-16 10:03:47,1,1000,False,False,6.9375483e-09
2018-10-31 10:09:55,1,1000,False,True,0.10115521
2018-10-16 12:58:46,1,1000,False,True,0.031783767
2018-10-15 14:22:56,1,1000,False,False,1.8364157e-09
2018-10-16 14:26:23,1,1000,False,False,1.0681256e-07
2018-10-16 11:30:30,1,1000,False,False,5.090223e-08
2018-10-16 08:17:46,1,1000,False,False,2.3636966e-08
2018-10-10 14:54:52,1,1000,False,False,1.2544834e-09
2018-10-16 09:42:49,1,1000,False,False,0.0039644814
2018-10-10 14:53:33,1,1000,False,False,1.283908e-06
2018-10-25 11:45:05,1,1000,True,False,9.276538e-07
2018-10-16 10:01:07,1,1000,False,False,9.13201e-09
2018-10-16 14:24:56,1,1000,False,False,5.0731426e-08
2018-10-16 08:49:22,1,1000,False,False,8.746219e-09
2018-10-11 11:12:29,1,1000,False,False,1.0524768e-08
2018-10-15 14:21:33,1,1000,False,False,1.6673237e-09
2018-10-16 10:56:49,1,1000,False,False,2.999332e-09
2018-10-16 13:47:55,1,1000,False,False,1.7032089e-06
2018-10-31 13:16:57,1,1000,True,True,0.057320517
2018-10-16 13:15:23,1,1000,False,False,1.800656e-07
2018-10-26 10:41:44,1,1000,True,False,0.001643974
2018-10-16 12:21:20,1,1000,False,False,7.769345e-10
2018-10-26 08:19:05,1,1000,True,True,27.4099
2018-10-16 13:51:07,1,1000,False,False,1.7699652e-08
2018-10-16 07:22:17,1,1000,False,False,8.6528456e-09
2018-10-16 08:34:52,1,1000,False,False,2.363613e-08
2018-10-16 09:29:10,1,1000,False,False,5.6854155e-08
2018-10-16 07:23:05,1,1000,False,False,1.0405111e-08
2018-10-16 10:19:39,1,1000,False,False,2.3418043e-08
2018-10-17 11:00:56,1,1000,True,False,2.859893e-07
2018-10-16 08:51:30,1,1000,False,False,3.3442682e-09
2018-10-16 10:37:01,1,1000,False,False,9.584693e-08
2018-10-16 09:44:31,1,1000,False,False,3.249696e-09
2018-10-16 08:34:09,1,1000,False,False,4.531156e-10
2018-10-16 10:56:42,1,1000,False,False,3.634386e-08
2018-10-16 11:30:05,1,1000,False,False,3.8544243e-08
2018-10-16 10:39:24,1,1000,False,False,1.4298167e-09
2018-10-16 10:39:13,1,1000,False,False,3.576513e-10
2018-10-16 08:50:46,1,1000,False,False,1.0255689e-08
2018-10-16 12:03:15,1,1000,False,False,3.096585e-10
2018-10-15 14:20:56,1,1000,False,False,8.029469e-10
2018-10-11 11:09:18,1,1000,False,False,6.8042805e-10
2018-10-16 12:38:16,1,1000,False,False,4.6187245e-09
2018-10-31 10:10:39,1,1000,False,True,0.06360844
2018-10-16 11:11:37,1,1000,False,False,4.886043e-06
2018-10-16 10:39:12,1,1000,False,False,3.6085481e-09
2018-10-16 14:24:08,1,1000,False,False,2.533018e-10
2018-10-16 14:23:32,1,1000,False,False,2.6298919e-09
2018-10-16 07:58:16,1,1000,False,False,1.2840468e-09
2018-10-16 07:05:36,1,1000,False,False,0.013818733
2018-10-16 09:06:37,1,1000,False,False,1.7253981e-06
2018-10-16 13:16:07,1,1000,False,False,3.5918781e-09
2018-10-16 12:21:22,1,1000,False,False,5.3361866e-08
2018-10-16 08:51:21,1,1000,False,False,3.5863643e-09
2018-10-16 12:59:02,1,1000,False,False,2.0240257e-08
2018-10-15 14:20:54,1,1000,False,False,2.5763227e-09
2018-10-16 07:05:28,1,1000,False,True,0.14921157
2018-10-24 08:52:26,1,1000,True,False,1.2341831e-05
2018-10-16 10:35:35,1,1000,False,False,3.5276958e-06
2018-10-16 09:27:42,1,1000,False,False,8.213007e-09
2018-10-16 11:11:55,1,1000,False,False,8.554911e-10
2018-10-12 11:17:36,1,1000,True,False,4.658974e-08
2018-10-16 10:54:48,1,1000,False,False,2.1892175e-09
2018-10-29 12:39:42,1,1000,True,True,0.45307598
2018-10-16 12:03:28,1,1000,False,False,9.89995e-09
2018-10-16 10:18:27,1,1000,False,False,3.0181763e-10
2018-10-16 14:40:16,1,1000,False,False,7.010777e-06
2018-10-16 11:12:31,1,1000,False,False,4.2011994e-10
2018-10-16 13:15:39,1,1000,False,False,4.145713e-09
2018-10-17 08:32:24,1,1000,True,False,1.1178356e-06
2018-10-16 10:54:53,1,1000,False,False,2.6598894e-08
2018-10-16 10:37:26,1,1000,False,False,2.7476023e-08
2018-10-16 10:17:45,1,1000,False,True,0.050629992
2018-10-16 08:50:35,1,1000,False,False,1.3663208e-06
2018-10-16 14:57:47,1,1000,False,True,0.23831806
2018-10-16 13:51:14,1,1000,False,False,1.6108291e-07
2018-10-26 10:57:24,1,1000,True,False,0.016875122
2018-10-16 09:07:10,1,1000,False,False,4.2576197e-08
2018-10-11 11:09:07,1,1000,False,False,1.5250522e-05
2018-10-16 07:39:38,1,1000,False,False,6.6174055e-10
2018-10-16 13:50:14,1,1000,False,False,5.224867e-09
2018-10-10 14:56:51,1,1000,False,False,5.7185483e-09
2018-10-16 10:53:38,1,1000,False,False,1.2039911e-10
2018-10-16 12:03:25,1,1000,False,False,9.434293e-07
2018-10-12 08:38:03,1,1000,False,False,6.2941135e-06
2018-10-16 11:11:48,1,1000,False,False,1.6581547e-08
2018-10-16 09:09:10,1,1000,False,False,1.1631098e-10
2018-10-15 12:19:58,1,1000,False,True,136.36487
2018-10-16 12:39:05,1,1000,False,False,6.911248e-10
2018-10-16 08:32:49,1,1000,False,False,3.275677e-10
2018-10-16 10:53:08,1,1000,False,False,1.3801199e-06
2018-10-16 10:56:44,1,1000,False,False,1.4721233e-08
2018-10-16 08:49:01,1,1000,False,False,4.5423854e-05
2018-10-16 14:57:33,1,1000,False,True,0.03255968
2018-10-15 12:52:38,1,1000,False,False,1.6048768e-09
2018-10-16 09:44:29,1,1000,False,False,2.8659193e-09
2018-10-16 08:52:22,1,1000,False,False,0.00046655192
2018-10-16 07:22:48,1,1000,False,False,1.1186604e-08
2018-10-16 09:28:57,1,1000,False,False,2.4362812e-06
2018-10-16 08:16:56,1,1000,False,False,3.9414562e-08
2018-10-16 13:14:11,1,1000,False,False,2.0315245e-09
2018-10-31 14:11:09,1,1000,True,True,0.035622466
2018-10-16 10:20:20,1,1000,False,False,3.1967579e-10
2018-10-16 08:34:38,1,1000,False,False,4.6361426e-09
2018-10-31 10:11:17,1,1000,False,True,206.86592
2018-10-16 14:06:35,1,1000,False,False,1.31526665e-08
2018-10-16 14:59:54,1,1000,False,False,1.3420465e-07
2018-10-17 13:55:33,1,1000,True,False,4.5038328e-07
2018-10-16 08:49:59,1,1000,False,False,4.734867e-08
2018-10-16 07:22:08,1,1000,False,False,1.1168296e-09
2018-10-11 11:09:59,1,1000,False,False,6.49892e-09
2018-10-16 08:32:33,1,1000,False,False,1.0321768e-09
2018-10-16 10:36:46,1,1000,False,False,7.2576785e-11
2018-10-16 14:40:10,1,1000,False,False,1.1185047e-05
2018-10-16 10:37:11,1,1000,False,False,1.7601625e-08
2018-10-16 13:14:37,1,1000,False,False,3.8484526e-08
2018-10-15 12:52:40,1,1000,False,False,2.1424458e-09
2018-10-16 12:03:06,1,1000,False,False,3.666404e-11
2018-10-16 10:57:01,1,1000,False,False,2.5853803e-08
2018-10-11 11:09:11,1,1000,False,False,2.3019988e-05
2018-10-16 09:07:40,1,1000,False,False,1.8637442e-07
2018-10-16 11:46:59,1,1000,False,False,1.8845323e-10
2018-10-16 11:10:36,1,1000,False,False,3.560275e-07
2018-10-16 13:14:55,1,1000,False,False,2.1035268e-07
2018-10-16 08:49:10,1,1000,False,False,7.472813e-07
2018-10-29 09:28:40,1,1000,True,False,0.011505725
2018-10-16 09:07:32,1,1000,False,False,3.575303e-09
2018-10-19 07:51:33,1,1000,True,True,1.3450735
2018-10-15 12:18:32,1,1000,False,False,0.0029348875
2018-10-16 13:32:51,1,1000,False,False,2.507365e-10
2018-10-16 11:14:24,1,1000,False,False,1.1018149e-07
2018-10-15 12:16:47,1,1000,False,True,6626.233
2018-10-16 11:29:28,1,1000,False,False,3.1468161e-10
2018-10-16 13:49:05,1,1000,False,False,2.2035187e-09
2018-10-18 12:24:58,1,1000,True,False,0.0006946304
2018-10-15 12:16:54,1,1000,False,True,2.3634235e+06
2018-10-12 11:18:26,1,1000,True,False,7.8383785e-08
2018-10-16 10:01:56,1,1000,False,False,7.742972e-09
2018-10-11 11:11:53,1,1000,False,False,3.6448717e-09
2018-10-16 09:27:08,1,1000,False,False,2.0474589e-09
2018-10-16 07:57:21,1,1000,False,False,3.4068158e-08
2018-10-16 10:03:56,1,1000,False,False,1.0878116e-07
